Título,URL,Tipo,Alternativas,Áreas
"Inversiones Copahue recibe crédito de USD 102 millones para comprar Los Guindos",https://lexlatin.com/node/134009,M&A,"Financiamientos","Corporativo - Adquisiciones, Banca y finanzas (créditos y financiamientos)"
"Grupo Cibest vende Banitsmo a Grupo BSC por USD 1.418 millones",https://lexlatin.com/node/133842,M&A,"Financiamientos","Corporativo - Adquisiciones, Banca y finanzas (créditos y financiamientos)"
"Acelen Renewables negocia acuerdos para un proyecto de aviación sostenible",https://lexlatin.com/node/133710,M&A,"Financiamientos","Corporativo - Adquisiciones, Banca y finanzas (créditos y financiamientos)"
"Manatí Capital Management invierte en Alicerce PM Imobiliários",https://lexlatin.com/node/133681,Emisiones,"M&A","Mercado de capitales - Emisiones, Corporativo - Adquisiciones"
"Engie Brasil completa emisión para comprar una participación en central hidroeléctrica",https://lexlatin.com/node/133506,Emisiones,"M&A","Mercado de capitales - Emisiones, Corporativo - Adquisiciones"
"Cemex emite bonos por 1.500 millones de dólares y asegura línea de crédito",https://lexlatin.com/node/133378,Emisiones,"Financiamientos","Mercado de capitales - Emisiones, Banca y finanzas (créditos y financiamientos)"
"Esentia Energy emite bonos por USD 2.000 millones",https://lexlatin.com/node/133245,Emisiones,"Financiamientos","Mercado de capitales - Emisiones, Banca y finanzas (créditos y financiamientos)"
"Generadora de Gatún emite bonos sénior por USD 1.050 millones",https://lexlatin.com/node/133152,Emisiones,"Financiamientos","Mercado de capitales - Emisiones, Banca y finanzas (créditos y financiamientos)"
"Parex Resources consigue USD 750 millones para financiar la compra de activos de E&P de Frontera en Colombia",https://lexlatin.com/node/132910,Emisiones,"Financiamientos","Mercado de capitales - Emisiones, Banca y finanzas (créditos y financiamientos)"
"Ecopetrol compra participación de 26 % en Brava Energía",https://lexlatin.com/node/132594,Emisiones,"M&A","Mercado de capitales - Emisiones, Corporativo - Adquisiciones"
"Erton Holding se vuelve accionista del Grupo Nutresa",https://lexlatin.com/node/132473,M&A,"Financiamientos","Corporativo - Adquisiciones, Banca y finanzas (créditos y financiamientos)"
"Mundo debuta en el mercado de deuda con emisión de bonos sostenibles por USD 435 millones",https://lexlatin.com/node/132446,Emisiones,"Financiamientos","Mercado de capitales - Emisiones, Banca y finanzas (créditos y financiamientos)"
"Pemex obtiene financiamiento por un monto total de USD 2.834,6 millones a través de emisión y préstamo sindicado",https://lexlatin.com/node/131850,Emisiones,"Financiamientos","Mercado de capitales - Emisiones, Banca y finanzas (créditos y financiamientos)"
"SABESP capta préstamo por USD 1.500 millones y emite bonos azules",https://lexlatin.com/node/131245,Emisiones,"Financiamientos","Mercado de capitales - Emisiones, Banca y finanzas (créditos y financiamientos)"
"Banco Industrial protagoniza histórico financiamiento de USD 850 millones",https://lexlatin.com/node/131186,Emisiones,"Financiamientos","Mercado de capitales - Emisiones, Banca y finanzas (créditos y financiamientos)"
"Vista Energy se fortalece en Vaca Muerta con la compra de los activos de Equinor",https://lexlatin.com/node/131175,M&A,"Financiamientos","Corporativo - Adquisiciones, Banca y finanzas (créditos y financiamientos)"
"Mercuria Energy Trading adquiere concentrados de cobre de El Espino",https://lexlatin.com/node/131117,M&A,"Financiamientos","Corporativo - Adquisiciones, Banca y finanzas (créditos y financiamientos)"
"Tortuga Resorts se hace con el portafolio inmobiliario de Playa Hotels & Resorts",https://lexlatin.com/node/131009,M&A,"Financiamientos","Corporativo - Adquisiciones, Banca y finanzas (créditos y financiamientos)"
"ASUR obtiene crédito para la adquisición de URW Airports",https://lexlatin.com/node/130994,M&A,"Financiamientos","Corporativo - Adquisiciones, Banca y finanzas (créditos y financiamientos)"
"Alójica se hace con The Westin Resort & Spa Cancún",https://lexlatin.com/node/130990,M&A,"Financiamientos","Corporativo - Adquisiciones, Banca y finanzas (créditos y financiamientos)"
"Masisa emite bonos corporativos como parte de su reestructuración de pasivos",https://lexlatin.com/node/130949,Emisiones,"Financiamientos","Mercado de capitales - Emisiones, Banca y finanzas (créditos y financiamientos)"
"Auna obtiene cerca de USD 800 millones para refinanciar deuda",https://lexlatin.com/node/130525,Emisiones,"Financiamientos","Mercado de capitales - Emisiones, Banca y finanzas (créditos y financiamientos)"
"Marcobre obtiene un financiamiento por un monto total de USD 700 millones",https://lexlatin.com/node/130472,Emisiones,"Financiamientos","Mercado de capitales - Emisiones, Banca y finanzas (créditos y financiamientos)"
"Inversiones Alcántara se hace con participación en Valtek",https://lexlatin.com/node/130429,M&A,"Financiamientos","Corporativo - Adquisiciones, Banca y finanzas (créditos y financiamientos)"
"Alpha Brazil FIP y NY FIP se hacen con participación mayoritaria en Serena Energia",https://lexlatin.com/node/130421,Emisiones,"M&A","Mercado de capitales - Emisiones, Corporativo - Adquisiciones"
"BUPA logra una participación en la Clínica Anglo Americana",https://lexlatin.com/node/130255,Emisiones,"M&A","Mercado de capitales - Emisiones, Corporativo - Adquisiciones"
"Corporación Quiport obtiene financiamiento de 500 millones de dólares",https://lexlatin.com/node/129437,Emisiones,"Financiamientos","Mercado de capitales - Emisiones, Banca y finanzas (créditos y financiamientos)"
"Auna y su subsidiaria Oncosalud colocan bonos con vencimiento en 2032",https://lexlatin.com/node/129109,Emisiones,"Financiamientos","Mercado de capitales - Emisiones, Banca y finanzas (créditos y financiamientos)"
"Un inversor se hace con participación en Celulosa Argentina",https://lexlatin.com/node/128546,Emisiones,"M&A","Mercado de capitales - Emisiones, Corporativo - Adquisiciones"
"EIG Global adquiere participación en Transportadora de Gas del Perú",https://lexlatin.com/node/127823,M&A,"Financiamientos","Corporativo - Adquisiciones, Banca y finanzas (créditos y financiamientos)"
"Cinépolis obtiene préstamo sindicado por USD 178,4 millones",https://lexlatin.com/node/127173,Emisiones,"Financiamientos","Mercado de capitales - Emisiones, Banca y finanzas (créditos y financiamientos)"
"Sociedad Concesionaria Vespucio Norte Express optimiza el perfil de su deuda ",https://lexlatin.com/node/126339,Emisiones,"Financiamientos","Mercado de capitales - Emisiones, Banca y finanzas (créditos y financiamientos)"
"Vista Energy se fortalece en Vaca Muerta, compra las operaciones de upstream de Petronas en Argentina",https://lexlatin.com/node/125675,M&A,"Financiamientos","Corporativo - Adquisiciones, Banca y finanzas (créditos y financiamientos)"
"Procaps; los retos que impuso la reestructuración de deuda de la farmacéutica colombiana",https://lexlatin.com/node/125611,Emisiones,"M&A","Mercado de capitales - Emisiones, Corporativo - Adquisiciones"
"WOM culmina reestructuración corporativa y financiera y sale del Capítulo 11",https://lexlatin.com/node/125516,Emisiones,"Financiamientos","Mercado de capitales - Emisiones, Banca y finanzas (créditos y financiamientos)"
"Macquarie compra participación de Brookfield en Los Ramones II Sur",https://lexlatin.com/node/125201,M&A,"Financiamientos","Corporativo - Adquisiciones, Banca y finanzas (créditos y financiamientos)"
"Interceramic refinancia deuda por USD 638 millones ",https://lexlatin.com/node/125156,Emisiones,"Financiamientos","Mercado de capitales - Emisiones, Banca y finanzas (créditos y financiamientos)"
"Kallpa Generación recauda 500 millones de dólares en emisión internacional de bonos",https://lexlatin.com/node/124952,Emisiones,"Financiamientos","Mercado de capitales - Emisiones, Banca y finanzas (créditos y financiamientos)"
"Energy Capital Partners se hace con Atlántica",https://lexlatin.com/node/124834,Emisiones,"M&A","Mercado de capitales - Emisiones, Corporativo - Adquisiciones"
"Ecuador realiza un nuevo canje de deuda por naturaleza",https://lexlatin.com/node/123946,Emisiones,"Financiamientos","Mercado de capitales - Emisiones, Banca y finanzas (créditos y financiamientos)"
"Altis Principal Investments adquiere una participación minoritaria en Oxzo",https://lexlatin.com/node/123668,M&A,"Financiamientos","Corporativo - Adquisiciones, Banca y finanzas (créditos y financiamientos)"
"ContourGlobal refinancia deuda sénior asociada a dos plantas de cogeneración ",https://lexlatin.com/node/123154,Emisiones,"Financiamientos","Mercado de capitales - Emisiones, Banca y finanzas (créditos y financiamientos)"
"Brasileña Sabesp es privatizada a través de venta de acciones por USD 2.700 millones",https://lexlatin.com/node/122517,Emisiones,"M&A","Mercado de capitales - Emisiones, Corporativo - Adquisiciones"
"Aerodom obtiene financiamiento de 940 millones de dólares",https://lexlatin.com/node/122499,Emisiones,"Financiamientos","Mercado de capitales - Emisiones, Banca y finanzas (créditos y financiamientos)"
"Fibra Macquarie inicia OPA por los certificados de Terrafina",https://lexlatin.com/node/122318,Emisiones,"M&A","Mercado de capitales - Emisiones, Corporativo - Adquisiciones"
"Univision Communications obtiene fondos para anticipar pago de su deuda existente",https://lexlatin.com/node/121942,Emisiones,"Financiamientos","Mercado de capitales - Emisiones, Banca y finanzas (créditos y financiamientos)"
"Helisul adquiere Inversiones Ecocopter Holdings y sus filiales en Chile y Ecuador",https://lexlatin.com/node/121162,M&A,"Financiamientos","Corporativo - Adquisiciones, Banca y finanzas (créditos y financiamientos)"
"Glacier AcquisitionCo adquiere el 49 % de Chile Renovables",https://lexlatin.com/node/118685,M&A,"Financiamientos","Corporativo - Adquisiciones, Banca y finanzas (créditos y financiamientos)"
"Con adquisición de Éxito, Grupo Calleja concreta primera compra en Colombia ",https://lexlatin.com/node/118649,M&A,"Financiamientos","Corporativo - Adquisiciones, Banca y finanzas (créditos y financiamientos)"
"Valia Energía de México obtiene fondos para cartera de centrales eléctricas",https://lexlatin.com/node/118556,Emisiones,"Financiamientos","Mercado de capitales - Emisiones, Banca y finanzas (créditos y financiamientos)"
"Inicia asume el control de empresas conjuntas con Gerdau en Colombia y República Dominicana",https://lexlatin.com/node/118366,M&A,"Financiamientos","Corporativo - Adquisiciones, Banca y finanzas (créditos y financiamientos)"
"Consorcio compra participación mayoritaria en Baja Aqua-Farms y subsidiarias",https://lexlatin.com/node/118181,M&A,"Financiamientos","Corporativo - Adquisiciones, Banca y finanzas (créditos y financiamientos)"
"Accel-KKR adquiere filiales de DBNet en Colombia, Chile y Perú",https://lexlatin.com/node/117586,M&A,"Financiamientos","Propiedad Intelectual, Corporativo - Adquisiciones, Banca y finanzas (créditos y financiamientos)"
"Filiales de la brasileña CCR colocan obligaciones por 815 millones de dólares",https://lexlatin.com/node/116937,Emisiones,"Financiamientos","Mercado de capitales - Emisiones, Banca y finanzas (créditos y financiamientos)"
"Rideshop.cl recibe inversión para expandir plataforma de e-commerce",https://lexlatin.com/node/116382,Financiamientos,"M&A","Propiedad Intelectual, Banca y finanzas (créditos y financiamientos), Corporativo - Venture Capital"
"Actis obtiene financiamiento multifuente",https://lexlatin.com/node/116116,Emisiones,"Financiamientos","Mercado de capitales - Emisiones, Banca y finanzas (créditos y financiamientos)"
"Alójica adquiere Marriott Puerto Vallarta Resort & Spa",https://lexlatin.com/node/115982,M&A,"Financiamientos","Corporativo - Adquisiciones, Banca y finanzas (créditos y financiamientos)"
"Güil participa en ronda de inversión de Galgo junto con Nazca y Grupo Auteco",https://lexlatin.com/node/115963,Financiamientos,"M&A","Propiedad Intelectual, Banca y finanzas (créditos y financiamientos), Corporativo - Venture Capital"
"STEAG completa la venta tras una exhaustiva revisión de los activos de propiedad intelectual",https://lexlatin.com/node/115576,M&A,"Financiamientos","Corporativo - Adquisiciones, Banca y finanzas (créditos y financiamientos)"
"Transmissora Acre recibe financiamiento para proyectos de energía eléctrica",https://lexlatin.com/node/115262,Emisiones,"Financiamientos","Mercado de capitales - Emisiones, Banca y finanzas (créditos y financiamientos)"
"HI Investment Holding invierte en Oncomed y Hospital Orizonti",https://lexlatin.com/node/115253,Emisiones,"M&A","Mercado de capitales - Emisiones, Corporativo - Adquisiciones"
"Asterion adquiere Steag ",https://lexlatin.com/node/115218,M&A,"Financiamientos","Corporativo - Adquisiciones, Banca y finanzas (créditos y financiamientos)"
"Emergent Cold LatAm se expande en Brasil con la adquisición de almacenes en São Paulo",https://lexlatin.com/node/115196,Emisiones,"M&A","Mercado de capitales - Emisiones, Corporativo - Adquisiciones"
"Canadian Solar completa inversión para construcción de planta solar ",https://lexlatin.com/node/114589,Emisiones,"M&A; Financiamientos","Mercado de capitales - Emisiones, Corporativo - Adquisiciones, Banca y finanzas (créditos y financiamientos)"
"Marfrig vende unidades de sacrificio de ganado vacuno y ovino en Sudamérica a Minerva",https://lexlatin.com/node/114472,Emisiones,"M&A; Financiamientos","Mercado de capitales - Emisiones, Corporativo - Adquisiciones, Banca y finanzas (créditos y financiamientos)"
"LNG Energy Group ingresa a Colombia tras adquirir activos de Lewis Energy Group",https://lexlatin.com/node/114450,M&A,"Financiamientos","Corporativo - Adquisiciones, Banca y finanzas (créditos y financiamientos)"
"Ainda adquiere bloque petrolero y emite certificados opcionales de coinversión",https://lexlatin.com/node/114425,Emisiones,"M&A","Mercado de capitales - Emisiones, Corporativo - Adquisiciones"
"Be Grand adquiere participación del 50 % de los derechos fideicomisarios de un fideicomiso de Invex",https://lexlatin.com/node/113641,M&A,"Financiamientos","Corporativo - Adquisiciones, Corporativo - Joint Ventures, Banca y finanzas (créditos y financiamientos)"
"3R Lux recibe financiamiento y estructura emisión de debentures privados ",https://lexlatin.com/node/112828,Emisiones,"Financiamientos","Mercado de capitales - Emisiones, Banca y finanzas (créditos y financiamientos)"
"Actualización: Enel Chile vende Arcadia Generación Solar S.A., su negocio de energía fotovoltaica, a Sonnedix",https://lexlatin.com/node/112827,M&A,"Financiamientos","Corporativo - Adquisiciones, Banca y finanzas (créditos y financiamientos)"
"Sacyr logra refinanciamiento para proyecto vial en noreste de Colombia",https://lexlatin.com/node/112730,Emisiones,"Financiamientos","Mercado de capitales - Emisiones, Banca y finanzas (créditos y financiamientos)"
"Enerflex Services Peru recibe préstamo y emite bonos sénior",https://lexlatin.com/node/112556,Emisiones,"Financiamientos","Mercado de capitales - Emisiones, Banca y finanzas (créditos y financiamientos)"
"Volex adquiere las subsidiarias mexicanas de Murat Ticaret Kablo Sanayi",https://lexlatin.com/node/112498,Emisiones,"M&A","Mercado de capitales - Emisiones, Corporativo - Adquisiciones"
"Arteris recauda USD 160 millones con apoyo de Export Development Canada",https://lexlatin.com/node/111239,Emisiones,"Financiamientos","Mercado de capitales - Emisiones, Banca y finanzas (créditos y financiamientos)"
"Solek recibe financiamiento de fuente múltiple para desarrollar proyectos de energía",https://lexlatin.com/node/110938,Emisiones,"Financiamientos","Mercado de capitales - Emisiones, Banca y finanzas (créditos y financiamientos)"
"Seacrest Petróleo obtiene fondos de sindicato de bancos para comprar campo en Brasil",https://lexlatin.com/node/110821,M&A,"Financiamientos","Corporativo - Adquisiciones, Banca y finanzas (créditos y financiamientos)"
"Grünenthal y su filial chilena Laboratorios Andrómaco modifican crédito y emiten bono",https://lexlatin.com/node/110401,Emisiones,"Financiamientos","Mercado de capitales - Emisiones, Banca y finanzas (créditos y financiamientos)"
"Thor Urbana adquiere cartera de activos inmobiliarios en México",https://lexlatin.com/node/109843,M&A,"Financiamientos","Corporativo - Adquisiciones, Banca y finanzas (créditos y financiamientos)"
"Fibra MTY compra portafolio de bienes raíces industriales de Finsa y Walton Street Capital México",https://lexlatin.com/node/109771,Emisiones,"M&A; Financiamientos","Mercado de capitales - Emisiones, Corporativo - Adquisiciones, Banca y finanzas (créditos y financiamientos)"
"Pan American Silver adquiere a la minera Yamana Gold",https://lexlatin.com/node/109708,M&A,"Financiamientos","Corporativo - Adquisiciones, Banca y finanzas (créditos y financiamientos)"
"Chembro Química adquiere a Elekeiroz",https://lexlatin.com/node/109662,Emisiones,"M&A","Mercado de capitales - Emisiones, Corporativo - Adquisiciones"
"Global Infrastructure Partners adquiere 50 % de Tramarsa",https://lexlatin.com/node/109625,M&A,"Financiamientos","Corporativo - Adquisiciones, Banca y finanzas (créditos y financiamientos)"
"Urbia Gestão de Parques SPE emite obligaciones negociables y recibe financiamiento junto a Urbia Cânions Verdes ",https://lexlatin.com/node/109547,Emisiones,"Financiamientos","Mercado de capitales - Emisiones, Banca y finanzas (créditos y financiamientos)"
"EMX y Altus adquieren participaciones en SLM California",https://lexlatin.com/node/109244,Emisiones,"M&A","Mercado de capitales - Emisiones, Corporativo - Adquisiciones"
"Líneas 8 y 9 de CPTM en São Paulo reciben R$ 4,6 mil millones para mejoras",https://lexlatin.com/node/109221,Emisiones,"Financiamientos","Mercado de capitales - Emisiones, Banca y finanzas (créditos y financiamientos)"
"Vega Solar emite debentures y acciones",https://lexlatin.com/node/109091,Emisiones,"M&A","Mercado de capitales - Emisiones, Corporativo - Adquisiciones"
"Equatorial Energia emite obligaciones y acciones",https://lexlatin.com/node/109026,Emisiones,"M&A","Mercado de capitales - Emisiones, Corporativo - Adquisiciones"
"Ascenty obtiene fondos para refinanciar deuda",https://lexlatin.com/node/108342,Emisiones,"Financiamientos","Mercado de capitales - Emisiones, Banca y finanzas (créditos y financiamientos)"
"FEMSA reduce su participación en Heineken",https://lexlatin.com/node/108010,Emisiones,"M&A","Mercado de capitales - Emisiones, Corporativo - Adquisiciones"
"Vinci Airports recibe financiamiento para aeropuertos en el norte de Brasil",https://lexlatin.com/node/107909,Emisiones,"Financiamientos","Mercado de capitales - Emisiones, Banca y finanzas (créditos y financiamientos)"
"Lenus Capital Partners adquiere Medicadiz",https://lexlatin.com/node/107891,M&A,"Financiamientos","Corporativo - Adquisiciones, Banca y finanzas (créditos y financiamientos)"
"Proparco emite de bonos verdes y otorga financiamiento a Louis Dreyfus Company Sucos",https://lexlatin.com/node/106903,Emisiones,"Financiamientos","Mercado de capitales - Emisiones, Banca y finanzas (créditos y financiamientos)"
"Aligned Data Centers compra ODATA, empresa de datos latinoamericana",https://lexlatin.com/node/106558,M&A,"Financiamientos","Corporativo - Adquisiciones, Banca y finanzas (créditos y financiamientos)"
"Industrias Bachoco realiza oferta pública de adquisición",https://lexlatin.com/node/106319,M&A,"Financiamientos","Corporativo - Adquisiciones, Banca y finanzas (créditos y financiamientos)"
"Grupo Saesa compra participación mayoritaria en Enel Transmisión Chile",https://lexlatin.com/node/106088,M&A,"Financiamientos","Corporativo - Adquisiciones, Banca y finanzas (créditos y financiamientos)"
"Actis compra la totalidad del productor de energía mexicano MT Falcon ",https://lexlatin.com/node/105852,M&A,"Financiamientos","Corporativo - Adquisiciones, Banca y finanzas (créditos y financiamientos)"
"Brookfield Asset Management obtiene financiamiento para la adquisición de Unidas Locadora",https://lexlatin.com/node/105582,Emisiones,"Financiamientos","Mercado de capitales - Emisiones, Banca y finanzas (créditos y financiamientos)"
"Mexicana Kaltex refinancia deudas ",https://lexlatin.com/node/105501,Emisiones,"Financiamientos","Mercado de capitales - Emisiones, Banca y finanzas (créditos y financiamientos)"
"Mobiliare Latam, Inmobiliaria guatemalteca, ingresa al mercado mexicano",https://lexlatin.com/node/105257,M&A,"Financiamientos","Corporativo - Adquisiciones, Banca y finanzas (créditos y financiamientos)"
"LATAM Airlines sale del Capítulo 11 luego de más de dos años",https://lexlatin.com/node/105200,Emisiones,"Financiamientos","Mercado de capitales - Emisiones, Insolvencias, quiebras y reestructuraciones, Banca y finanzas (créditos y financiamientos)"
"Fondo de Inversión WEG-4 y WEG Administradora realizan adquisición de Generación Solar",https://lexlatin.com/node/105052,M&A,"Financiamientos","Insolvencias, quiebras y reestructuraciones, Corporativo - Adquisiciones, Banca y finanzas (créditos y financiamientos)"
"Novonor y NSP Investimentos realizan adquisición de acciones preferenciales emitidas por Braskem",https://lexlatin.com/node/104486,Emisiones,"M&A","Mercado de capitales - Emisiones, Corporativo - Adquisiciones"
"Credicorp Capital compra edificio multifamiliar en Chile",https://lexlatin.com/node/104297,M&A,"Financiamientos","Corporativo - Adquisiciones, Banca y finanzas (créditos y financiamientos)"
"Global Infrastructure Partners adquiere la totalidad de Atlas Renewable Energy",https://lexlatin.com/node/104256,M&A,"Financiamientos","Corporativo - Adquisiciones, Banca y finanzas (créditos y financiamientos)"
"América Móvil realiza emisión de oferta pública Euro Serie B y recibe línea de crédito sénior no garantizada",https://lexlatin.com/node/104153,Emisiones,"Financiamientos","Mercado de capitales - Emisiones, Banca y finanzas (créditos y financiamientos)"
"Eixo SP Concessionária de Rodovias recibe financiamiento de diferentes bancos y realiza 2ª emisión de debentures",https://lexlatin.com/node/104011,Emisiones,"Financiamientos","Mercado de capitales - Emisiones, Banca y finanzas (créditos y financiamientos)"
"Controladora Mabe realiza oferta para la recompra en efectivo de notas senior garantizadas y recibe crédito a plazo senior no garantizado",https://lexlatin.com/node/102972,Emisiones,"Financiamientos","Mercado de capitales - Emisiones, Banca y finanzas (créditos y financiamientos)"
"Innergex realiza emisión de bonos verdes por 710 millones de dólares",https://lexlatin.com/node/101856,Emisiones,"Financiamientos","Mercado de capitales - Emisiones, Banca y finanzas (créditos y financiamientos)"
"Complejo Agroindustrial Beta adquiere propiedades de AQP Olmos y recibe financiamiento de bancos locales",https://lexlatin.com/node/101735,M&A,"Financiamientos","Corporativo - Adquisiciones, Banca y finanzas (créditos y financiamientos)"
"Vinci Airports compra parte del capital social de Grupo Aeroportuario del Centro Norte",https://lexlatin.com/node/101717,M&A,"Financiamientos","Corporativo - Adquisiciones, Banca y finanzas (créditos y financiamientos)"
"Xinfra FE adquiere participación mayoritaria en Concesionaria Bicentenario y Operadora Libramiento de Celaya en México",https://lexlatin.com/node/101345,Emisiones,"M&A","Mercado de capitales - Emisiones, Corporativo - Adquisiciones"
"Brasil Telecom Comunicação Multimídia realiza 2ª emisión de debentures y Globenet Cabos Submarino junto a BTG adquieren 57,9 % de las acciones emitidas",https://lexlatin.com/node/100833,Emisiones,"M&A","Mercado de capitales - Emisiones, Corporativo - Adquisiciones"
"La operación legal que ayudó a Ronaldo a comprar Cruzeiro",https://lexlatin.com/node/99354,Emisiones,"M&A","Mercado de capitales - Emisiones, Corporativo - Adquisiciones"
"Ameris Capital adquiere participación en distintos fondos de Penta Seguros de Vida",https://lexlatin.com/node/99242,M&A,"Financiamientos","Corporativo - Adquisiciones, Banca y finanzas (créditos y financiamientos)"
"GTIS Partners vende torre Infinity por BRL 850 millones",https://lexlatin.com/node/97738,M&A,"Financiamientos","Corporativo - Adquisiciones, Banca y finanzas (créditos y financiamientos)"
"Grupo Murano negocia contratos de operación hotelera con Hyatt y Ennismore",https://lexlatin.com/node/97634,M&A,"Financiamientos","Corporativo - Joint Ventures, Banca y finanzas (créditos y financiamientos)"
"Nowports, el nuevo unicornio mexicano",https://lexlatin.com/node/97633,M&A,"Financiamientos","Corporativo - Adquisiciones, Banca y finanzas (créditos y financiamientos)"
"Pátria Infraestrutura Brasil Holding IV obtiene préstamo por el Banco BTG y realiza emisión de pagarés",https://lexlatin.com/node/97044,Emisiones,"Financiamientos","Mercado de capitales - Emisiones, Banca y finanzas (créditos y financiamientos)"
"CIEF compra participación en Terminal de Contenedores de Buenaventura",https://lexlatin.com/node/97031,Emisiones,"M&A","Mercado de capitales - Emisiones, Corporativo - Adquisiciones"
"The Bank of Nova Scotia financia a Elementia y Fortaleza Materiales",https://lexlatin.com/node/96791,Emisiones,"Financiamientos","Mercado de capitales - Emisiones, Banca y finanzas (créditos y financiamientos)"
"Grupo Sandoval consolida propiedad sobre la sociedad peruana Talma",https://lexlatin.com/node/96547,M&A,"Financiamientos","Corporativo - Adquisiciones, Banca y finanzas (créditos y financiamientos)"
"Elea Digital Titan Holding adquiere Drammen RJ Infraestrutura e Redes de Telecomunicações",https://lexlatin.com/node/95939,Emisiones,"M&A","Mercado de capitales - Emisiones, Corporativo - Adquisiciones"
"EOL Potiguar B61 SPE recibe préstamo del Banco do Brasil y Banco Santander Brasil",https://lexlatin.com/node/95922,M&A,"Financiamientos","Corporativo - Adquisiciones, Banca y finanzas (créditos y financiamientos)"
"Mubadala recibe financiamiento para la adquisición de refinería Landulpho Alves",https://lexlatin.com/node/95391,Emisiones,"Financiamientos","Mercado de capitales - Emisiones, Banca y finanzas (créditos y financiamientos)"
"Calificación crediticia del Perú: ¿cómo afecta a los bancos locales?",https://lexlatin.com/node/95211,Emisiones,"Financiamientos","Mercado de capitales - Emisiones, Banca y finanzas (créditos y financiamientos)"
"AES Corporation incrementa participación en AES Andes luego de OPA",https://lexlatin.com/node/94738,Emisiones,"M&A; Financiamientos","Mercado de capitales - Emisiones, Corporativo - Adquisiciones, Banca y finanzas (créditos y financiamientos)"
"Proyecto vial Rumichaca-Pasto, de subsidiaria de Sacyr, obtiene financiamiento",https://lexlatin.com/node/94238,Emisiones,"Financiamientos","Mercado de capitales - Emisiones, Banca y finanzas (créditos y financiamientos)"
"Fondo de Inversión Bci Invinsa Rentas Inmobiliarias adquiere Inmobiliaria Las Lagunas",https://lexlatin.com/node/93868,M&A,"Financiamientos","Corporativo - Adquisiciones, Banca y finanzas (créditos y financiamientos)"
"CHL Administradora emite Fondo de Inversión Privado y obtiene una reestructuración de los préstamos adquiridos",https://lexlatin.com/node/93761,Emisiones,"Financiamientos","Mercado de capitales - Emisiones, Banca y finanzas (créditos y financiamientos)"
"Grupo Harari se convierte en único accionista del retailer panameño Xtra",https://lexlatin.com/node/93708,Emisiones,"M&A","Mercado de capitales - Emisiones, Corporativo - Adquisiciones"
"Matrix Chile obtiene financiamiento de múltiples fuentes",https://lexlatin.com/node/92839,Emisiones,"Financiamientos","Mercado de capitales - Emisiones, Banca y finanzas (créditos y financiamientos)"
"Subsidiarias de Albanesi obtienen consentimiento para canjear notas",https://lexlatin.com/node/92151,Emisiones,"Financiamientos","Mercado de capitales - Emisiones, Banca y finanzas (créditos y financiamientos)"
"Actualización: Emergent LatAm ingresa al mercado chileno tras comprar Friopacífico",https://lexlatin.com/node/91852,M&A,"Financiamientos","Corporativo - Adquisiciones, Banca y finanzas (créditos y financiamientos)"
"HIG Capital compra participación mayoritaria en Ransa, de Grupo Romero",https://lexlatin.com/node/91396,M&A,"Financiamientos","Corporativo - Adquisiciones, Banca y finanzas (créditos y financiamientos)"
"Millicom compra participación en Tigo Guatemala",https://lexlatin.com/node/91159,M&A,"Financiamientos","Corporativo - Adquisiciones, Banca y finanzas (créditos y financiamientos)"
"Se realiza en México primera operación bajo el esquema GP-led secondary",https://lexlatin.com/node/90756,Emisiones,"M&A","Mercado de capitales - Emisiones, Corporativo - Adquisiciones"
"Vinci Partners lanza oferta para comprar activos de Renova Energia",https://lexlatin.com/node/90097,Emisiones,"M&A","Mercado de capitales - Emisiones, Corporativo - Adquisiciones"
"Braskem Idesa consigue fondos para refinanciar Etileno XXI en México",https://lexlatin.com/node/90051,Emisiones,"Financiamientos","Mercado de capitales - Emisiones, Banca y finanzas (créditos y financiamientos)"
"Generadora Metropolitana recibe financiamiento de 980 millones de dólares",https://lexlatin.com/node/89641,Emisiones,"Financiamientos","Mercado de capitales - Emisiones, Banca y finanzas (créditos y financiamientos)"
"Inversiones Arco 4 adquiere totalidad de las filiales de Gasmar luego de recibir un préstamo por USD 335 millones",https://lexlatin.com/node/89251,M&A,"Financiamientos","Corporativo - Adquisiciones, Banca y finanzas (créditos y financiamientos)"
"BID Invest recibe un financiamiento y adquiere Creditú Administradora de Mutuos Hipotecarios",https://lexlatin.com/node/89244,M&A,"Financiamientos","Corporativo - Adquisiciones, Banca y finanzas (créditos y financiamientos)"
"Ameris Alternativos I adquiere las participaciones de Penta Vida por USD 93 millones",https://lexlatin.com/node/89182,M&A,"Financiamientos","Corporativo - Adquisiciones, Banca y finanzas (créditos y financiamientos)"
"Megacentro recibe préstamo de BCP para construcción de 176.000 metros cuadrados",https://lexlatin.com/node/88852,M&A,"Financiamientos","Corporativo - Adquisiciones, Banca y finanzas (créditos y financiamientos)"
"IG4 Capital se convierte en uno de los mayores accionistas de la peruana Aenza ",https://lexlatin.com/node/88172,Emisiones,"M&A","Mercado de capitales - Emisiones, Corporativo - Adquisiciones"
"DIF Capital Partners adquiere la subsidiaria uruguaya de Enercon GmbH, Enercon Agua Leguas y paralelamente obtiene un refinanciamiento                    ",https://lexlatin.com/node/88053,M&A,"Financiamientos","Corporativo - Adquisiciones, Banca y finanzas (créditos y financiamientos)"
"Ecopetrol se convierte en el mayor accionista de ISA en Colombia",https://lexlatin.com/node/87820,M&A,"Financiamientos","Corporativo - Adquisiciones, Banca y finanzas (créditos y financiamientos)"
"IFIN Participações ingresa como accionista minoritario de subsidiaria de Aegea",https://lexlatin.com/node/87720,Emisiones,"M&A","Mercado de capitales - Emisiones, Corporativo - Adquisiciones"
"Fideicomiso PAM ZOL Funza recibe financiamiento de bancos colombianos",https://lexlatin.com/node/87719,M&A,"Financiamientos","Corporativo - Adquisiciones, Banca y finanzas (créditos y financiamientos)"
"GIP se asocia con AES Andes en el negocio de energía renovable en Chile",https://lexlatin.com/node/87663,M&A,"Financiamientos","Corporativo - Adquisiciones, Banca y finanzas (créditos y financiamientos)"
"Villa Andina y Casco G-3 Investments LLC acuerdan una inversión de USD 3 millones ",https://lexlatin.com/node/86976,M&A,"Financiamientos","Corporativo - Adquisiciones, Banca y finanzas (créditos y financiamientos)"
"Petz adquiere Zee Dog por 163,3 millones de dólares ",https://lexlatin.com/node/86928,Emisiones,"M&A","Mercado de capitales - Emisiones, Corporativo - Adquisiciones"
"Pesquera Exalmar recompra notas sénior con vencimiento en 2025",https://lexlatin.com/node/86494,Emisiones,"Financiamientos","Mercado de capitales - Emisiones, Banca y finanzas (créditos y financiamientos)"
"Empresas mexicanas compran el St. Regis Punta Mita Resort",https://lexlatin.com/node/85762,M&A,"Financiamientos","Corporativo - Adquisiciones, Banca y finanzas (créditos y financiamientos)"
"Kala Capital adquiere Moneta Technologies Brazil Tecnologia da Informação ",https://lexlatin.com/node/85203,M&A,"Financiamientos","Corporativo - Adquisiciones, Banca y finanzas (créditos y financiamientos)"
"Mas Equity Partners vende 50 % de su participación en Rocsa Colombia",https://lexlatin.com/node/84919,M&A,"Financiamientos","Corporativo - Adquisiciones, Banca y finanzas (créditos y financiamientos)"
"Actualización: Glisco Partners vende participación en INTERprotección en México ",https://lexlatin.com/node/84839,M&A,"Financiamientos","Corporativo - Adquisiciones, Banca y finanzas (créditos y financiamientos)"
"Chedraui se expande en Estados Unidos con la adquisición de Smart & Final",https://lexlatin.com/node/84698,M&A,"Financiamientos","Corporativo - Adquisiciones, Banca y finanzas (créditos y financiamientos)"
"Dizac y Australian Dairy Good El Salvador venden  su negocio de distribución en El Salvador",https://lexlatin.com/node/84252,M&A,"Financiamientos","Corporativo - Adquisiciones, Banca y finanzas (créditos y financiamientos)"
"Corporación Multi Inversiones emite el mayor bono verde de Centroamérica",https://lexlatin.com/node/84237,Emisiones,"Financiamientos","Mercado de capitales - Emisiones, Banca y finanzas (créditos y financiamientos)"
"Andean Telecom Partners realiza su primera emisión por 375 millones de dólares",https://lexlatin.com/node/83931,Emisiones,"Financiamientos","Mercado de capitales - Emisiones, Banca y finanzas (créditos y financiamientos)"
"Medical Properties Trust y Steward Health Care adquieren tres clínicas",https://lexlatin.com/node/83757,M&A,"Financiamientos","Corporativo - Joint Ventures, Banca y finanzas (créditos y financiamientos)"
"Credicorp Capital amplía sus inversiones en el sector inmobiliario de Chile",https://lexlatin.com/node/83746,M&A,"Financiamientos","Corporativo - Adquisiciones, Banca y finanzas (créditos y financiamientos)"
"KKR compra participación en Sempra Infrastructure Partners",https://lexlatin.com/node/83564,M&A,"Financiamientos","Corporativo - Adquisiciones, Banca y finanzas (créditos y financiamientos)"
"SOMA se convierte en la primera Fibra en cotizar en BIVA de México",https://lexlatin.com/node/83067,Emisiones,"Financiamientos","Mercado de capitales - Emisiones, Banca y finanzas (créditos y financiamientos)"
"HydroQuebec adquiere participación de 19,9 % en Innergex Renewable Energy",https://lexlatin.com/node/82499,Emisiones,"M&A","Mercado de capitales - Emisiones, Corporativo - Adquisiciones"
"DASA se expande en Brasil con la adquisición de Grupo São Domingos",https://lexlatin.com/node/82492,Emisiones,"M&A","Mercado de capitales - Emisiones, Corporativo - Adquisiciones"
"Nexus Group aumenta participación en empresa peruana de entretenimiento",https://lexlatin.com/node/82263,M&A,"Financiamientos","Corporativo - Adquisiciones, Banca y finanzas (créditos y financiamientos)"
"Hudson Sustainable emite su primer bono verde ",https://lexlatin.com/node/82179,Emisiones,"Financiamientos","Mercado de capitales - Emisiones, Banca y finanzas (créditos y financiamientos)"
"KKR  y Telefónica se asocian en Chile para aumentar el acceso a banda ancha",https://lexlatin.com/node/82050,M&A,"Financiamientos","Corporativo - Adquisiciones, Banca y finanzas (créditos y financiamientos)"
"Canadiense EBI se expande en Chile",https://lexlatin.com/node/81966,M&A,"Financiamientos","Corporativo - Adquisiciones, Banca y finanzas (créditos y financiamientos)"
"XP Properties amplía su portafolio de propiedades corporativas",https://lexlatin.com/node/81850,Emisiones,"M&A","Mercado de capitales - Emisiones, Corporativo - Adquisiciones"
"Mantos Copper consigue recursos para incrementar la producción de Mantoverde",https://lexlatin.com/node/81811,M&A,"Financiamientos","Corporativo - Adquisiciones, Banca y finanzas (créditos y financiamientos)"
"Fondo de inversión administrado por Bci Asset Management invierte indirectamente en centros de bodegajes en Santiago",https://lexlatin.com/node/81762,M&A,"Financiamientos","Corporativo - Adquisiciones, Banca y finanzas (créditos y financiamientos)"
"Corpgroup compra participación de BTG Pactual Chile en Vivocorp",https://lexlatin.com/node/81532,M&A,"Financiamientos","Corporativo - Adquisiciones, Banca y finanzas (créditos y financiamientos)"
"Chilena Bodenor Flexcenter obtiene recursos para plan de inversiones",https://lexlatin.com/node/81464,M&A,"Financiamientos","Corporativo - Adquisiciones, Banca y finanzas (créditos y financiamientos)"
"Petroquímica Comodoro Rivadavia obtiene préstamo sindicado",https://lexlatin.com/node/81391,Emisiones,"Financiamientos","Mercado de capitales - Emisiones, Banca y finanzas (créditos y financiamientos)"
"Crédito Real destina fondos de emisión al pago de deuda",https://lexlatin.com/node/80928,Emisiones,"Financiamientos","Mercado de capitales - Emisiones, Banca y finanzas (créditos y financiamientos)"
"Lundin Mining Corporation adquiere 100 % de Mineração Maracá Indústria e Comércio",https://lexlatin.com/node/80732,M&A,"Financiamientos","Corporativo - Adquisiciones, Banca y finanzas (créditos y financiamientos)"
"EnfraGen recibe financiamiento por 1.760 millones de dólares",https://lexlatin.com/node/80716,Emisiones,"Financiamientos","Mercado de capitales - Emisiones, Banca y finanzas (créditos y financiamientos)"
"InRetail compra operación de la cadena holandesa Makro en Perú",https://lexlatin.com/node/80479,M&A,"Financiamientos","Corporativo - Adquisiciones, Banca y finanzas (créditos y financiamientos)"
"Fisterra Energy obtiene financiamiento de más de 1.100 millones de dólares en México",https://lexlatin.com/node/80285,Emisiones,"Financiamientos","Mercado de capitales - Emisiones, Banca y finanzas (créditos y financiamientos)"
"Orión Fibra-E compra Autopistas de Tapachula como primer activo",https://lexlatin.com/node/80217,Emisiones,"M&A","Mercado de capitales - Emisiones, Corporativo - Adquisiciones"
"Advent paga 2.700 millones de dólares por el negocio de análisis y datos de Nielsen",https://lexlatin.com/node/79974,M&A,"Financiamientos","Corporativo - Adquisiciones, Banca y finanzas (créditos y financiamientos)"
"Chilenas Copec y Kaufmann crean 'joint venture' para proveer buses eléctricos",https://lexlatin.com/node/79785,M&A,"Financiamientos","Corporativo - Joint Ventures, Banca y finanzas (créditos y financiamientos)"
"ISA adquiere Concesionaria Costera Cartagena Barranquilla ",https://lexlatin.com/node/79076,M&A,"Financiamientos","Corporativo - Adquisiciones, Banca y finanzas (créditos y financiamientos)"
"3R Petroleum se reorganiza para fortalecerse en el mercado brasileño",https://lexlatin.com/node/79019,Emisiones,"M&A","Mercado de capitales - Emisiones, Corporativo - Adquisiciones"
"Enverlis consolida participación en Bio Pappel antes de salir de la Bolsa",https://lexlatin.com/node/78687,M&A,"Financiamientos","Corporativo - Adquisiciones, Banca y finanzas (créditos y financiamientos)"
"Omega Geração recauda fondos para expandir negocio de generación de energía",https://lexlatin.com/node/78581,Emisiones,"M&A","Mercado de capitales - Emisiones, Corporativo - Adquisiciones"
"Actualización: Casai planea expandirse en México y otros mercados",https://lexlatin.com/node/78195,M&A,"Financiamientos","Corporativo - Adquisiciones, Banca y finanzas (créditos y financiamientos)"
"Grupo chileno Norte Grande obtiene créditos para refinanciar pasivos",https://lexlatin.com/node/78145,Emisiones,"Financiamientos","Mercado de capitales - Emisiones, Banca y finanzas (créditos y financiamientos)"
"Toesca compra participación de Norgener en Empresa Eléctrica Cochrane ",https://lexlatin.com/node/78026,M&A,"Financiamientos","Corporativo - Adquisiciones, Banca y finanzas (créditos y financiamientos)"
"FIBRA Credicorp realiza primera inversión con fondos de colocación",https://lexlatin.com/node/77955,Emisiones,"M&A; Financiamientos","Mercado de capitales - Emisiones, Corporativo - Adquisiciones, Banca y finanzas (créditos y financiamientos)"
"3Pillar se expande en Costa Rica con la adquisición de Isthmus Software",https://lexlatin.com/node/77715,M&A,"Financiamientos","Corporativo - Adquisiciones, Banca y finanzas (créditos y financiamientos)"
"Pampa Cogeneración y YPF adquieren central termoeléctrica de IEASA y obtienen financiamiento para la compra",https://lexlatin.com/node/77535,M&A,"Financiamientos","Corporativo - Adquisiciones, Banca y finanzas (créditos y financiamientos)"
"AES Panamá emite 1.380 millones de dólares en bonos para proyectos de energía renovable",https://lexlatin.com/node/77218,Emisiones,"Financiamientos","Mercado de capitales - Emisiones, Banca y finanzas (créditos y financiamientos)"
"ISA Group compra empresas de transmisión eléctrica en Perú",https://lexlatin.com/node/77199,M&A,"Financiamientos","Corporativo - Adquisiciones, Banca y finanzas (créditos y financiamientos)"
"Davivienda emite primer bono social de género de Colombia",https://lexlatin.com/node/77075,Emisiones,"Financiamientos","Mercado de capitales - Emisiones, Banca y finanzas (créditos y financiamientos)"
"Banconal debuta en el mercado internacional con emisión de 1.000 millones de dólares",https://lexlatin.com/node/77065,Emisiones,"Financiamientos","Mercado de capitales - Emisiones, Banca y finanzas (créditos y financiamientos)"
"Argentina AA2000 obtiene financiamiento para sobrellevar la pandemia",https://lexlatin.com/node/76951,Emisiones,"Financiamientos","Mercado de capitales - Emisiones, Banca y finanzas (créditos y financiamientos)"
"Terminales Portuarios Peruanos compra un terreno en el puerto del Callao",https://lexlatin.com/node/76678,M&A,"Financiamientos","Corporativo - Adquisiciones, Banca y finanzas (créditos y financiamientos)"
"Stracon International adquiere 15 % adicional en Dumas Holdings Inc.",https://lexlatin.com/node/76643,M&A,"Financiamientos","Corporativo - Adquisiciones, Banca y finanzas (créditos y financiamientos)"
"Filial de Telefónica en Colombia emite bonos por 500 millones de dólares",https://lexlatin.com/node/76566,Emisiones,"Financiamientos","Mercado de capitales - Emisiones, Banca y finanzas (créditos y financiamientos)"
"Sacyr ingresa al negocio de servicios en Chile al comprar empresas de Sembcorp",https://lexlatin.com/node/76385,M&A,"Financiamientos","Corporativo - Adquisiciones, Banca y finanzas (créditos y financiamientos)"
"Ameris Capital Administradora General de Fondos concreta la constitución de un fondo de inversión público",https://lexlatin.com/node/76322,M&A,"Emisiones","Corporativo - Adquisiciones, Mercado de capitales - Constitución de fondos mutuos"
"VTR emite bonos por 1.150 millones de dólares para canjear obligaciones",https://lexlatin.com/node/76200,Emisiones,"Financiamientos","Mercado de capitales - Emisiones, Banca y finanzas (créditos y financiamientos)"
"Latin Gaming Group vende 75 % de su participación accionaria en Inmobiliaria Da Vinci",https://lexlatin.com/node/76138,M&A,"Financiamientos","Corporativo - Adquisiciones, Banca y finanzas (créditos y financiamientos)"
"CEJA Holding y subsidiaria consiguen financiamiento para rescatar bonos",https://lexlatin.com/node/75989,Emisiones,"Financiamientos","Mercado de capitales - Emisiones, Banca y finanzas (créditos y financiamientos)"
"Actualización: Alsacia vende terminales de buses para pagar deudas",https://lexlatin.com/node/75653,Emisiones,"M&A","Mercado de capitales - Emisiones, Corporativo - Adquisiciones"
"Playa Resorts consigue financiamiento para mejorar su perfil de liquidez",https://lexlatin.com/node/75174,Emisiones,"Financiamientos","Mercado de capitales - Emisiones, Banca y finanzas (créditos y financiamientos)"
"Grupo Médico Joya adquiere dos hospitales propiedad de Grupo Médico San Javier",https://lexlatin.com/node/75055,M&A,"Financiamientos","Corporativo - Adquisiciones, Banca y finanzas (créditos y financiamientos)"
"Nexus Chile Health sale a Bolsa y recauda fondos para deudas de corto plazo",https://lexlatin.com/node/74040,Emisiones,"Financiamientos","Mercado de capitales - Emisiones, Banca y finanzas (créditos y financiamientos)"
"Innergex diversifica su cartera en América del Sur",https://lexlatin.com/node/73620,M&A,"Financiamientos","Corporativo - Adquisiciones, Banca y finanzas (créditos y financiamientos)"
"Codelco obtiene liquidez para enfrentar mercado en incertidumbre",https://lexlatin.com/node/73453,Emisiones,"Financiamientos","Mercado de capitales - Emisiones, Banca y finanzas (créditos y financiamientos)"
"Fondos de pensiones canadienses compran participación en mexicana Ideal",https://lexlatin.com/node/73346,Emisiones,"M&A","Mercado de capitales - Emisiones, Corporativo - Adquisiciones"
"AES coloca sus primeros bonos verdes en Argentina",https://lexlatin.com/node/71635,Emisiones,"Financiamientos","Mercado de capitales - Emisiones, Banca y finanzas (créditos y financiamientos)"
"Chilena CRC Transmisión obtiene recursos para financiar proyectos",https://lexlatin.com/node/71442,Emisiones,"Financiamientos","Mercado de capitales - Emisiones, Banca y finanzas (créditos y financiamientos)"
"Actualización: AlphaCredit busca consolidarse como plataforma de tecnología financiera en México",https://lexlatin.com/node/71257,Emisiones,"Financiamientos","Mercado de capitales - Emisiones, Banca y finanzas (créditos y financiamientos)"
"IDK Capital adquiere empresa mexicana de remolcadores Snekke",https://lexlatin.com/node/70718,M&A,"Financiamientos","Corporativo - Adquisiciones, Banca y finanzas (créditos y financiamientos)"
"TermoCandelaria obtiene recursos para expandir central de Tecan",https://lexlatin.com/node/70689,Emisiones,"Financiamientos","Mercado de capitales - Emisiones, Banca y finanzas (créditos y financiamientos)"
"HSBC México otorga crédito a AB&C Leasing",https://lexlatin.com/node/70581,Emisiones,"Financiamientos","Mercado de capitales - Emisiones, Banca y finanzas (créditos y financiamientos)"
"Gestor alemán GLL compra parte de edificio de oficinas en Ciudad de México",https://lexlatin.com/node/70196,M&A,"Financiamientos","Corporativo - Adquisiciones, Banca y finanzas (créditos y financiamientos)"
"Fintech mexicana Resuelve tu Deuda pone la mira en nuevos mercados",https://lexlatin.com/node/70165,M&A,"Financiamientos","Corporativo - Adquisiciones, Banca y finanzas (créditos y financiamientos)"
"WOM obtiene fondos para refinanciar deuda",https://lexlatin.com/node/70082,Emisiones,"Financiamientos","Mercado de capitales - Emisiones, Banca y finanzas (créditos y financiamientos)"
"Jaime Luarte Julio, de Ortiz Gonzalez Luarte Abogados, responde el Cuestionario LexLatin",https://lexlatin.com/node/69865,M&A,"Financiamientos","Insolvencias, quiebras y reestructuraciones, Comercio internacional y aduanas, Corporativo - Adquisiciones, Banca y finanzas (créditos y financiamientos)"
"ContourGlobal recibe préstamo para adquirir plantas de cogeneración en México",https://lexlatin.com/node/69789,M&A,"Financiamientos","Corporativo - Adquisiciones, Banca y finanzas (créditos y financiamientos)"
"GPA de Brasil logra control de Almacenes Éxito en Colombia tras OPA",https://lexlatin.com/node/69675,Emisiones,"M&A","Mercado de capitales - Emisiones, Corporativo - Adquisiciones"
"Navent Group obtiene crédito para comprar portales digitales en Perú",https://lexlatin.com/node/69635,M&A,"Financiamientos","Corporativo - Adquisiciones, Banca y finanzas (créditos y financiamientos)"
"Subsidiaria chilena de AES Gener refinancia deuda con bancos internacionales",https://lexlatin.com/node/69634,Emisiones,"Financiamientos","Mercado de capitales - Emisiones, Banca y finanzas (créditos y financiamientos)"
"GIC aumenta su participación en Smartfit y CPPIB llega como accionista",https://lexlatin.com/node/69382,M&A,"Financiamientos","Corporativo - Adquisiciones, Banca y finanzas (créditos y financiamientos)"
"El inversionista británico John Laing Group debuta en América Latina",https://lexlatin.com/node/69244,M&A,"Financiamientos","Corporativo - Adquisiciones, Banca y finanzas (créditos y financiamientos)"
"Paraguay construye vías terrestres con la ayuda de un financiamiento híbrido",https://lexlatin.com/node/68864,Emisiones,"Financiamientos","Mercado de capitales - Emisiones, Banca y finanzas (créditos y financiamientos)"
"Plaza Logística expande almacenes en Buenos Aires con financiamiento de OPIC",https://lexlatin.com/node/68479,Emisiones,"Financiamientos","Mercado de capitales - Emisiones, Banca y finanzas (créditos y financiamientos)"
"Banco Santander aumenta su participación en su filial mexicana",https://lexlatin.com/node/68097,Emisiones,"M&A","Mercado de capitales - Emisiones, Corporativo - Adquisiciones"
"Metlife adquiere inmuebles en Santiago de Chile para arrendar",https://lexlatin.com/node/67577,M&A,"Financiamientos","Corporativo - Adquisiciones, Banca y finanzas (créditos y financiamientos)"
"Acuerdo entre Delta y Latam crea la mayor alianza de vuelos aéreos de la historia",https://lexlatin.com/node/67572,Emisiones,"M&A","Mercado de capitales - Emisiones, Corporativo - Adquisiciones"
"Peruana Qubist consigue fondos para costear adquisición de hotel en Puno",https://lexlatin.com/node/67554,M&A,"Financiamientos","Corporativo - Adquisiciones, Banca y finanzas (créditos y financiamientos)"
"Innova Schools coloca primera emisión de bonos sociales en Perú",https://lexlatin.com/node/66553,Emisiones,"M&A","Mercado de capitales - Emisiones, Corporativo - Adquisiciones"
"Mexicana Unifin logra refinanciarse en el mercado internacional",https://lexlatin.com/node/66315,Emisiones,"Financiamientos","Mercado de capitales - Emisiones, Banca y finanzas (créditos y financiamientos)"
"Ergon Perú prepaga línea de crédito con recursos obtenidos en colocación privada de bonos verdes",https://lexlatin.com/node/64765,Emisiones,"Financiamientos","Mercado de capitales - Emisiones, Banca y finanzas (créditos y financiamientos)"
"Accel-KKR adquiere Lemontech, proveedora líder de software para abogados en Latinoamérica",https://lexlatin.com/node/64198,M&A,"Financiamientos","Corporativo - Adquisiciones, Banca y finanzas (créditos y financiamientos)"
"Fibra Prime de Perú financia adquisición de inmuebles en Lima",https://lexlatin.com/node/64074,Emisiones,"M&A","Mercado de capitales - Emisiones, Corporativo - Adquisiciones"
"Metlife financia compra de varios edificios en Santiago de Chile",https://lexlatin.com/node/63860,M&A,"Financiamientos","Corporativo - Adquisiciones, Banca y finanzas (créditos y financiamientos)"
"SMU refinancia pasivos con fondos obtenidos en emisión de bonos ",https://lexlatin.com/node/63622,Emisiones,"Financiamientos","Mercado de capitales - Emisiones, Banca y finanzas (créditos y financiamientos)"
"La cadena de hoteles Hilton abrirá su primer Waldorf Astoria en México",https://lexlatin.com/node/63533,M&A,"Financiamientos","Corporativo - Adquisiciones, Banca y finanzas (créditos y financiamientos)"
"Telepizza lanza una oferta de bonos para refinanciar su deuda",https://lexlatin.com/node/63227,Emisiones,"Financiamientos","Mercado de capitales - Emisiones, Banca y finanzas (créditos y financiamientos)"
"Brookfield obtiene financiamiento a largo plazo por más de USD 10 mil millones",https://lexlatin.com/node/63174,Emisiones,"Financiamientos","Mercado de capitales - Emisiones, Banca y finanzas (créditos y financiamientos)"
"Fondo de Penta Las Américas adquiere 17 parques cementerios en Chile",https://lexlatin.com/node/63135,M&A,"Financiamientos","Corporativo - Adquisiciones, Banca y finanzas (créditos y financiamientos)"
"Logran refinanciar deuda asociada a la construcción del parque eólico La Bufa ",https://lexlatin.com/node/62819,Emisiones,"Financiamientos","Mercado de capitales - Emisiones, Banca y finanzas (créditos y financiamientos)"
"Actualización: SPV asociado al Corredor Vial Bioceánico oferta bonos para financiar proyecto en Paraguay",https://lexlatin.com/node/62241,Emisiones,"Financiamientos","Mercado de capitales - Emisiones, Banca y finanzas (créditos y financiamientos)"
"Consorcio chino logra crédito para apalancar compra de central hidroeléctrica peruana",https://lexlatin.com/node/61826,M&A,"Financiamientos","Corporativo - Adquisiciones, Banca y finanzas (créditos y financiamientos)"
"Presentan fideicomiso para mejorar servicio de agua en El Salvador",https://lexlatin.com/node/61618,M&A,"Financiamientos","Corporativo - Joint Ventures, Banca y finanzas (créditos y financiamientos)"
"HH Global adhiere subsidiaria mexicana a contratos suscritos con Pricoa Capital",https://lexlatin.com/node/61242,Emisiones,"Financiamientos","Mercado de capitales - Emisiones, Banca y finanzas (créditos y financiamientos)"
" Filial peruana de Fidelidade lanza OPA por 51 % de La Positiva Seguros",https://lexlatin.com/node/61192,Emisiones,"M&A","Mercado de capitales - Emisiones, Corporativo - Adquisiciones"
"Accionistas de Grupo Crédito Maestro renegocian inversión y otorgan crédito ",https://lexlatin.com/node/60750,M&A,"Financiamientos","Corporativo - Gobierno corporativo, Banca y finanzas (créditos y financiamientos)"
"Subsidiaria de Cooke concluye compra de empresas de Seajoy Seafood en Honduras",https://lexlatin.com/node/60453,M&A,"Financiamientos","Corporativo - Adquisiciones, Banca y finanzas (créditos y financiamientos)"
"Colombiana PharmaCielo emite recibos de suscripción por CAD 39 millones en Canadá",https://lexlatin.com/node/59140,Emisiones,"M&A","Mercado de capitales - Emisiones, Corporativo - Adquisiciones"
"Siqueira Castro tiene un nuevo socio en São Paulo",https://lexlatin.com/node/59051,Emisiones,"M&A; Financiamientos","Mercado de capitales - Emisiones, Corporativo - Adquisiciones, Banca y finanzas (créditos y financiamientos)"
"Actualización: Alicorp adquiere fabricante de productos de higiene Intradevco",https://lexlatin.com/node/58845,M&A,"Financiamientos","Corporativo - Adquisiciones, Banca y finanzas (créditos y financiamientos)"
"Aúna concluye adquisición de Promotora Las Américas y obtiene crédito",https://lexlatin.com/node/58562,M&A,"Financiamientos","Corporativo - Adquisiciones, Banca y finanzas (créditos y financiamientos)"
"Sinia Capital compra participación de Cemex y Pattern Energy en proyecto eólico",https://lexlatin.com/node/58471,M&A,"Financiamientos","Corporativo - Adquisiciones, Banca y finanzas (créditos y financiamientos)"
"Alsea adquiere holding de restaurantes español Grupo Vips",https://lexlatin.com/node/58310,M&A,"Financiamientos","Corporativo - Adquisiciones, Banca y finanzas (créditos y financiamientos)"
"Tianqi Lithium concluye adquisición de 24% en SQM",https://lexlatin.com/node/58246,M&A,"Financiamientos","Corporativo - Adquisiciones, Banca y finanzas (créditos y financiamientos)"
"Atlantica Yield adquiere parque eólico de Enel en Uruguay",https://lexlatin.com/node/58159,M&A,"Financiamientos","Corporativo - Adquisiciones, Banca y finanzas (créditos y financiamientos)"
"AN Global obtiene crédito de Monroe Capital para comprar 4th Source",https://lexlatin.com/node/57890,M&A,"Financiamientos","Corporativo - Adquisiciones, Banca y finanzas (créditos y financiamientos)"
"Fondos de Goldman Sachs adquieren participación en McDermott",https://lexlatin.com/node/57099,Emisiones,"Financiamientos","Mercado de capitales - Emisiones, Banca y finanzas (créditos y financiamientos)"
"Actualización: Allianz Global Investors compra notas emitidas por parques eólicos peruanos ",https://lexlatin.com/node/56780,Emisiones,"Financiamientos","Mercado de capitales - Emisiones, Banca y finanzas (créditos y financiamientos)"
"Polaris completa adquisición de Union Energy Group",https://lexlatin.com/node/56353,M&A,"Financiamientos","Insolvencias, quiebras y reestructuraciones, Corporativo - Adquisiciones, Banca y finanzas (créditos y financiamientos)"
"Accionistas de GGI lanzan OPA por acciones de Rassini en México",https://lexlatin.com/node/56334,Emisiones,"Financiamientos","Mercado de capitales - Emisiones, Banca y finanzas (créditos y financiamientos)"
"Banchile Inversiones adquiere edificio de oficinas en distrito limeño de San Isidro",https://lexlatin.com/node/56252,M&A,"Financiamientos","Corporativo - Adquisiciones, Banca y finanzas (créditos y financiamientos)"
"Apax Partners cierra compra de AEB Group en Brasil",https://lexlatin.com/node/55834,M&A,"Financiamientos","Corporativo - Adquisiciones, Banca y finanzas (créditos y financiamientos)"
"BID garantiza bonos de Pirapora Solar para financiar proyecto fotovoltaico",https://lexlatin.com/node/55327,Emisiones,"Financiamientos","Mercado de capitales - Emisiones, Banca y finanzas (créditos y financiamientos)"
"Aerotech y Grupo Palo Alto crean JV para fabricar piezas aeronáuticas en México",https://lexlatin.com/node/55115,M&A,"Financiamientos","Corporativo - Joint Ventures, Banca y finanzas (créditos y financiamientos)"
"Sumara Hub Legal abre en el Perú",https://lexlatin.com/node/54169,Emisiones,"M&A; Financiamientos","Mercado de capitales - Emisiones, Corporativo - Gobierno corporativo, Corporativo - Joint Ventures, Banca y finanzas (créditos y financiamientos)"
"AKI KB Minibodegas adquiere almacenes de BPI Ministorage en Santiago de Chile",https://lexlatin.com/node/53015,M&A,"Financiamientos","Corporativo - Adquisiciones, Banca y finanzas (créditos y financiamientos)"
"GE Capital EFS Financing organiza financiamiento híbrido para central eléctrica EVM II en México",https://lexlatin.com/node/52743,M&A,"Financiamientos","Corporativo - Adquisiciones, Banca y finanzas (créditos y financiamientos)"
"Masisa obtiene crédito de USD 130 millones para reestructurar deuda",https://lexlatin.com/node/52713,Emisiones,"Financiamientos","Mercado de capitales - Emisiones, Insolvencias, quiebras y reestructuraciones, Banca y finanzas (créditos y financiamientos)"
"Suzano y Fibria se fusionan y crean gigante mundial en producción de celulosa",https://lexlatin.com/node/50892,M&A,"Financiamientos","Antimonopolio y Competencia, Corporativo - Adquisiciones, Banca y finanzas (créditos y financiamientos)"
"Atlas Renewable Energy adquiere cuatro parques solares de SunPower en México",https://lexlatin.com/node/50572,M&A,"Financiamientos","Corporativo - Adquisiciones, Banca y finanzas (créditos y financiamientos)"
"Actualización: Concesionaria de línea de transmisión en Perú logra estructura dual de refinanciamiento",https://lexlatin.com/node/50121,Emisiones,"Financiamientos","Mercado de capitales - Emisiones, Banca y finanzas (créditos y financiamientos)"
"Fondo inmobiliario de BTG Pactual compra 19 centros comerciales en Chile",https://lexlatin.com/node/49831,M&A,"Financiamientos","Corporativo - Adquisiciones, Banca y finanzas (créditos y financiamientos)"
"Blackstone financia compra de Cirsa Gaming con emisión de bonos ",https://lexlatin.com/node/49048,Emisiones,"M&A","Mercado de capitales - Emisiones, Corporativo - Adquisiciones"
"BID garantiza financiamiento de complejo eólico Santa Vitória en Brasil",https://lexlatin.com/node/48037,Emisiones,"Financiamientos","Mercado de capitales - Emisiones, Banca y finanzas (créditos y financiamientos)"
"Concesionaria Ruta del Maipo concluye canje voluntario de bonos en Chile",https://lexlatin.com/node/48007,Emisiones,"Financiamientos","Mercado de capitales - Emisiones, Insolvencias, quiebras y reestructuraciones, Banca y finanzas (créditos y financiamientos)"
"Actualización: AquaChile obtiene crédito para comprar Salmones Magallanes y Pesquera Edén",https://lexlatin.com/node/47885,M&A,"Financiamientos","Corporativo - Adquisiciones, Banca y finanzas (créditos y financiamientos)"
"Chilena Algeciras adquiere activos de subsidiarias de Centenario en Perú",https://lexlatin.com/node/47366,M&A,"Financiamientos","Corporativo - Adquisiciones, Banca y finanzas (créditos y financiamientos)"
"Marubeni y Toesca compran GasValpo en Chile",https://lexlatin.com/node/46459,M&A,"Financiamientos","Corporativo - Adquisiciones, Banca y finanzas (créditos y financiamientos)"
"Glenfarne adquiere tres centrales hidroeléctricas en Panamá",https://lexlatin.com/node/46441,M&A,"Financiamientos","Corporativo - Adquisiciones, Banca y finanzas (créditos y financiamientos)"
"Innergex pacta JV con Energía Llaima para comprar hidroeléctricas en Chile",https://lexlatin.com/node/42242,M&A,"Financiamientos","Insolvencias, quiebras y reestructuraciones, Corporativo - Adquisiciones, Corporativo - Joint Ventures, Banca y finanzas (créditos y financiamientos)"
"Actualización: Regulus y Stillwater Canada pactan JV en proyecto minero argentino",https://lexlatin.com/node/42224,Emisiones,"M&A","Mercado de capitales - Emisiones, Corporativo - Joint Ventures"
"Fermaca refinancia crédito para pagar deudas por gasoducto en México",https://lexlatin.com/node/42199,Emisiones,"Financiamientos","Mercado de capitales - Emisiones, Insolvencias, quiebras y reestructuraciones, Banca y finanzas (créditos y financiamientos)"
"McDermott y CB&I se fusionan",https://lexlatin.com/node/42185,Emisiones,"M&A; Financiamientos","Mercado de capitales - Emisiones, Corporativo - Adquisiciones, Banca y finanzas (créditos y financiamientos)"
"Saba adquiere propietaria de estacionamiento en el centro de Santiago de Chile",https://lexlatin.com/node/42056,Emisiones,"M&A","Mercado de capitales - Emisiones, Corporativo - Adquisiciones"
"Cargill adquiere control de fabricante de endulzantes argentino Glucovil",https://lexlatin.com/node/42027,M&A,"Financiamientos","Corporativo - Adquisiciones, Banca y finanzas (créditos y financiamientos)"
"Charles Taylor InsureTech adquiere proveedor de software latinoamericano Inworx",https://lexlatin.com/node/41973,Emisiones,"M&A","Mercado de capitales - Emisiones, Corporativo - Adquisiciones"
"Decamerón compra resort con crédito de Davivienda e Itaú Corpbanca",https://lexlatin.com/node/41887,M&A,"Financiamientos","Corporativo - Adquisiciones, Banca y finanzas (créditos y financiamientos)"
"Clínica Las Condes emite bonos por USD 272 millones para refinanciar deuda",https://lexlatin.com/node/38281,Emisiones,"Financiamientos","Mercado de capitales - Emisiones, Insolvencias, quiebras y reestructuraciones, Banca y finanzas (créditos y financiamientos)"
"Fondo administrado por Tanner compra créditos de Cofisa",https://lexlatin.com/node/38274,M&A,"Financiamientos","Corporativo - Adquisiciones, Banca y finanzas (créditos y financiamientos)"
"Ashmore y Steve Dixon adquieren participación de Graña y Montero en Stracon GyM",https://lexlatin.com/node/38263,M&A,"Financiamientos","Corporativo - Adquisiciones, Banca y finanzas (créditos y financiamientos)"
"Enel Chile se reestructura para consolidar sus operaciones de generación",https://lexlatin.com/node/38257,M&A,"Financiamientos","Corporativo - Adquisiciones, Banca y finanzas (créditos y financiamientos)"
"Arroyo Energy adquiere dos proyectos de parques eólicos en Chile",https://lexlatin.com/node/38229,M&A,"Financiamientos","Corporativo - Adquisiciones, Banca y finanzas (créditos y financiamientos)"
"KYB adquiere acciones de Mando en joint venture brasileño",https://lexlatin.com/node/38217,Emisiones,"M&A","Mercado de capitales - Emisiones, Corporativo - Adquisiciones"
"Vista concluye adquisición de activos de Pampa Energía y Pluspetrol en Argentina",https://lexlatin.com/node/38197,M&A,"Financiamientos","Corporativo - Adquisiciones, Banca y finanzas (créditos y financiamientos)"
"Suzano toma control de Fibria y se convierte en primer productor mundial de celulosa",https://lexlatin.com/node/38178,M&A,"Financiamientos","Corporativo - Adquisiciones, Banca y finanzas (créditos y financiamientos)"
"Celsia emite 330 millones de acciones ordinarias en oferta pública",https://lexlatin.com/node/38016,Emisiones,"M&A","Mercado de capitales - Emisiones, Corporativo - Adquisiciones"
"Avianca vende derechos contractuales y deudas por cobrar a USAVflow",https://lexlatin.com/node/38003,M&A,"Financiamientos","Corporativo - Adquisiciones, Banca y finanzas (créditos y financiamientos)"
"Jacinta Solar logra refinanciamiento de préstamo otorgado por el BID",https://lexlatin.com/node/34157,Emisiones,"Financiamientos","Mercado de capitales - Emisiones, Insolvencias, quiebras y reestructuraciones, Banca y finanzas (créditos y financiamientos)"
"InRetail Perú adquiere Quicorp por USD 583 millones",https://lexlatin.com/node/34146,M&A,"Financiamientos","Corporativo - Adquisiciones, Banca y finanzas (créditos y financiamientos)"
"Concesión Ruta al Mar cierra financiamiento por USD 708 millones",https://lexlatin.com/node/34087,Emisiones,"Financiamientos","Mercado de capitales - Emisiones, Banca y finanzas (créditos y financiamientos)"
"Plaza Logística recibe préstamo sindicado denominado en UVAs",https://lexlatin.com/node/34063,Emisiones,"Financiamientos","Mercado de capitales - Emisiones, Banca y finanzas (créditos y financiamientos)"
"Mesoamerica compra 75 % de Savory en Chile",https://lexlatin.com/node/34046,M&A,"Financiamientos","Corporativo - Adquisiciones, Banca y finanzas (créditos y financiamientos)"
"Vertex vende hotel en Baja California a BPBI Hotels y Stingray por USD 125 millones",https://lexlatin.com/node/34029,M&A,"Financiamientos","Corporativo - Adquisiciones, Banca y finanzas (créditos y financiamientos)"
"Eléctrica peruana Termochilca refinancia deuda por USD 151 millones y emite bonos subordinados",https://lexlatin.com/node/34001,Emisiones,"Financiamientos","Mercado de capitales - Emisiones, Insolvencias, quiebras y reestructuraciones, Banca y finanzas (créditos y financiamientos)"
"GE Capital cierra venta de flota terrestre en varios países a Element Financial Corp",https://lexlatin.com/node/33931,M&A,"Financiamientos","Corporativo - Adquisiciones, Banca y finanzas (créditos y financiamientos)"
"Mexicana Alpha Holding realiza emisión internacional de USD 300 millones",https://lexlatin.com/node/33921,Emisiones,"Financiamientos","Mercado de capitales - Emisiones, Banca y finanzas (créditos y financiamientos)"
"Lefosse y Demarest asesoran en inversión de AES Tietê Energia en proyectos de energía solar",https://lexlatin.com/node/33485,Emisiones,"M&A","Mercado de capitales - Emisiones, Corporativo - Adquisiciones"
"Ternium completa adquisición de CSA y obtiene préstamo sindicado por USD 1.500 millones",https://lexlatin.com/node/33411,M&A,"Financiamientos","Corporativo - Adquisiciones, Banca y finanzas (créditos y financiamientos)"
"Scotiabank de Costa Rica otorga préstamo a Multifondos para financiar adquisición de CC El Cafetal",https://lexlatin.com/node/33406,M&A,"Financiamientos","Corporativo - Adquisiciones, Banca y finanzas (créditos y financiamientos)"
"Wiz adquiere Finanseg con apoyo de Trench Rossi y Lilla Huck",https://lexlatin.com/node/33008,Emisiones,"M&A","Mercado de capitales - Emisiones, Corporativo - Adquisiciones"
"Pinheiro Neto y Tauil & Chequer en venta de acciones de EcoRodovias",https://lexlatin.com/node/32966,Emisiones,"M&A","Mercado de capitales - Emisiones, Corporativo - Adquisiciones"
"Payet Rey y Rodrigo Elías en préstamo a Editora El Comercio en Perú",https://lexlatin.com/node/32962,Emisiones,"Financiamientos","Mercado de capitales - Emisiones, Insolvencias, quiebras y reestructuraciones, Banca y finanzas (créditos y financiamientos)"
"Grupo Kin desarrolla proyectos renovables en Guatemala con apoyo de Lexincorp y Arias",https://lexlatin.com/node/32912,M&A,"Financiamientos","Corporativo - Gobierno corporativo, Banca y finanzas (créditos y financiamientos)"
"Lefosse y Trench Rossi asisten venta de 60 % de filial de MAHLE Metal Leve",https://lexlatin.com/node/32794,Emisiones,"M&A","Mercado de capitales - Emisiones, Corporativo - Adquisiciones"
"PPU en financiamiento otorgado por EDC a Scotiabank Chile",https://lexlatin.com/node/32752,Emisiones,"Financiamientos","Mercado de capitales - Emisiones, Banca y finanzas (créditos y financiamientos)"
"ACTUALIZACIÓN: BODYTECH obtiene préstamo sindicado con apoyo de cuatro firmas",https://lexlatin.com/node/32618,Emisiones,"Financiamientos","Mercado de capitales - Emisiones, Banca y finanzas (créditos y financiamientos)"
"Academia de Ciencias Políticas y Sociales de Venezuela nombra nuevo presidente e individuo de número",https://lexlatin.com/node/32461,Emisiones,"M&A; Financiamientos","Mercado de capitales - Emisiones, Antimonopolio y Competencia, Corporativo - Adquisiciones, Banca y finanzas (créditos y financiamientos)"
"Dos firmas en crédito puente otorgado a concesionaria chilena de Sacyr",https://lexlatin.com/node/31853,Emisiones,"Financiamientos","Mercado de capitales - Emisiones, Banca y finanzas (créditos y financiamientos)"
"Hernández & Cía y H&K en adquisición de activos de United Oils Limited en Perú",https://lexlatin.com/node/31680,Emisiones,"M&A","Mercado de capitales - Emisiones, Corporativo - Adquisiciones"
"Pampa Energía recibe crédito puente para compra de Petrobras Argentina",https://lexlatin.com/node/31443,Emisiones,"M&A","Mercado de capitales - Emisiones, Corporativo - Adquisiciones"
"Hernández & Cía., PPU y Payet asesoran en adquisición de Challapampa",https://lexlatin.com/node/31196,M&A,"Financiamientos","Corporativo - Adquisiciones, Banca y finanzas (créditos y financiamientos)"
"Cuatrecasas, Gonçalves Pereira anuncia apertura de oficina en México",https://lexlatin.com/node/30898,M&A,"Financiamientos","Corporativo - Adquisiciones, Banca y finanzas (créditos y financiamientos)"